Text,Classification
i feel like some of you have pains and you cannot imagine becoming passionate about the group or the idea that is causing pain,love
i tend to stop breathing when i m feeling stressed,sadness
i loved the feeling i got during an amazing slalom run whether it was in training or in a race,surprise
i feel on the verge of tears from weariness i look at your sweet face and cant help but tenderly kiss your cheeks,love
i was intensely conscious of how much cash i had left in my gas and food envelope and i still have what i intended to save for next week which helps me not feel so stressed and scared,anger
i feel cared for and accepted,joy
i still feel completely accepted,joy
im still not sure why reilly feels the need to be so weird,fear
i shy away from songs that talk about how i feel toward god or that maybe even talk about my faithful response toward god,love
i am not amazing or great at photography but i feel passionate about it,joy
i feel so weird and scattered with all wonders about a million different things,fear
i still feel a craving for sweet food,joy
i often find myself feeling assaulted by a multitude of sense impressions,fear
i had to choose the sleek and smoother feel of the sweet revenge made drawing and handling the blaster a bit nicer,love
i feel more adventurous willing to take risks img src http cdn,joy
i feel on the verge of tears from weariness i look at your sweet face and cant help but tenderly kiss your cheeks,joy
i began to feel accepted by gaia on her own terms,love
i feel pretty weird blogging about deodorant but im a bit of a deodorant snob and find it really hard to find a good one,surprise
i have chose for myself that makes me feel amazing,surprise
i resorted to yesterday the post peak day of illness when i was still housebound but feeling agitated and peckish for brew a href http pics,anger
i have not conducted a survey but it is quite likely that many of them feel as assaulted by onel s demons and other creators as i would have felt had the walls been covered only with eminent figures patriotic heroes and epic deeds,fear
i still feel a craving for sweet food,love
i tend to stop breathing when i m feeling stressed,anger
i feel like i am very passionate about youtube and so id quite like to explain why i think youtube is the next best thing for entertainment,joy
i feel a remembrance of the strange by justin aryiku falls into the latter category,surprise
i was so stubborn and that it took you getting hurt for me to admit even to myself how i feel i haven t been very considerate of you in that respect,love
i was intensely conscious of how much cash i had left in my gas and food envelope and i still have what i intended to save for next week which helps me not feel so stressed and scared,sadness
i feel the need to pimp this since raini my beloved rocky casting director loves it so much,love
i feel so weird about it,fear
im still not sure why reilly feels the need to be so weird,surprise
i feel most passionate about,love
i found myself feeling inhibited and shushing her quite a lot,fear
i am not amazing or great at photography but i feel passionate about it,love
i feel kind of strange,fear
i write these words i feel sweet baby kicks from within and my memory is refreshed i would do anything for this boy,joy
i bet taylor swift basks in the knowledge that the boys she writes songs about probably feel tortured,fear
i feel so blessed and honored that we get to be its parents,joy
ive also made it with both sugar measurements but i feel like cup is just too sweet for me,love
i feel im being generous with that statement,love
i feel pretty tortured because i work a job and often the inspiration strikes while im at work,anger
ive also made it with both sugar measurements but i feel like cup is just too sweet for me,joy
i feel like a tortured artist when i talk to her,fear
i had to choose the sleek and smoother feel of the sweet revenge made drawing and handling the blaster a bit nicer,joy
i often find myself feeling assaulted by a multitude of sense impressions,sadness
i feel im being generous with that statement,joy
i feel pretty tortured because i work a job and often the inspiration strikes while im at work,fear
i was sitting in the corner stewing in my own muck feeling hated alone unworthy and violated,sadness
i will feel as though i am accepted by as well as comfortable being around both sides of my family,love
i feel most passionate about,joy
i cant escape the tears of sadness and just true grief i feel at the loss of my sweet friend and sister,love
i was so stubborn and that it took you getting hurt for me to admit even to myself how i feel i haven t been very considerate of you in that respect,joy
i write these words i feel sweet baby kicks from within and my memory is refreshed i would do anything for this boy,love
i feel a remembrance of the strange by justin aryiku falls into the latter category,fear
i have chose for myself that makes me feel amazing,joy
i am feeling stressed and more than a bit anxious,sadness
i still feel completely accepted,love
i feel so weird about it,surprise
i cant escape the tears of sadness and just true grief i feel at the loss of my sweet friend and sister,joy
i feel like a tortured artist when i talk to her,anger
i could feel myself hit this strange foggy wall,fear
i feel more adventurous willing to take risks img src http cdn,joy
i feel like i am very passionate about youtube and so id quite like to explain why i think youtube is the next best thing for entertainment,love
i feel kind of strange,surprise
i could feel myself hit this strange foggy wall,surprise
i realized what i am passionate about helping women feel accepted and appreciated,love
i feel pretty weird blogging about deodorant but im a bit of a deodorant snob and find it really hard to find a good one,fear
i resorted to yesterday the post peak day of illness when i was still housebound but feeling agitated and peckish for brew a href http pics,fear
i will feel as though i am accepted by as well as comfortable being around both sides of my family,joy
i shy away from songs that talk about how i feel toward god or that maybe even talk about my faithful response toward god,joy
i could feel his breath on me and smell the sweet scent of him,love
i bet taylor swift basks in the knowledge that the boys she writes songs about probably feel tortured,anger
i began to feel accepted by gaia on her own terms,joy
i was sitting in the corner stewing in my own muck feeling hated alone unworthy and violated,anger
i feel like this was such a rude comment,anger
i feel like this was such a rude comment,anger
i realized what i am passionate about helping women feel accepted and appreciated,joy
i feel so blessed and honored that we get to be its parents,love
i could feel his breath on me and smell the sweet scent of him,joy
i loved the feeling i got during an amazing slalom run whether it was in training or in a race,joy
i am feeling stressed and more than a bit anxious,anger
i found myself feeling inhibited and shushing her quite a lot,sadness
i feel the need to pimp this since raini my beloved rocky casting director loves it so much,joy
i feel cared for and accepted,love
i have not conducted a survey but it is quite likely that many of them feel as assaulted by onel s demons and other creators as i would have felt had the walls been covered only with eminent figures patriotic heroes and epic deeds,sadness
i feel so weird and scattered with all wonders about a million different things,surprise
i feel like some of you have pains and you cannot imagine becoming passionate about the group or the idea that is causing pain,joy
